States/UTs,TCiC
Andhra Pradesh,16512
Arunanchal Pradesh,351
Assam,19139
Bihar,15383
Chhattisgarh,6255
Goa,488
Gujarat,10837
Haryana,8974
Himachal Pradesh,1517
Jammu & Kashmir,3321
Jharkhand,5972
Karnataka,13914
Kerala,11380
Madhya Pradesh,28678
Maharashtra,26693
Manipur,337
Meghalaya,388
Mizoram,258
Nagaland,67
Odisha,14606
Punjab,5425
Rajasthan,31151
Sikkim,110
Tamil Nadu,6325
Telangana,14136
Tripura,1615
Uttar Pradesh,38467
Uttarakhand,1395
West Bengal,38299
Andaman & Nicobar Island,115
Chandigarh,432
Dadara & Nagar Havelli,21
Daman & Diu,15
NCT of Delhi,15265
Lakshadweep,4
Puducherry,77
